EmployeeID,DistrictID,UnitID,RankID,DesignationID,KGID,FirstName,EmployeeDOB,GenderID,BloodGroupID,PhysicallyChallenged,AppointmentDate
EMP0001,DIST0015,UNIT0090,RNK02,DSG01,KGID22428180,Shaurya,1970-05-23,M,O-,0,2008-02-20
EMP0002,DIST0002,UNIT0008,RNK02,DSG02,KGID59784693,Abdul,1972-02-12,M,B+,0,2009-12-09
EMP0003,DIST0006,UNIT0033,RNK04,DSG01,KGID44394852,Jason,1969-06-28,M,B-,0,2009-12-24
EMP0004,DIST0010,UNIT0066,RNK07,DSG03,KGID78993320,Hiral,1975-05-28,M,B-,0,2010-07-10
EMP0005,DIST0030,UNIT0184,RNK01,DSG02,KGID59451772,Shivansh,1976-07-27,M,A+,0,2002-09-04
EMP0006,DIST0013,UNIT0080,RNK05,DSG04,KGID51904653,Frado,1986-07-03,M,A+,0,2001-12-07
EMP0007,DIST0025,UNIT0152,RNK06,DSG02,KGID94719668,Hemani,1983-01-12,M,O-,0,2015-12-05
EMP0008,DIST0029,UNIT0176,RNK05,DSG01,KGID31570002,Warjas,1982-09-12,M,A+,0,2019-06-13
EMP0009,DIST0015,UNIT0089,RNK05,DSG04,KGID86532359,Hritik,2003-04-07,M,B-,0,2021-08-19
EMP0010,DIST0014,UNIT0088,RNK01,DSG04,KGID47360576,Shaurya,1976-02-20,M,O+,0,2002-08-24
EMP0011,DIST0027,UNIT0163,RNK07,DSG04,KGID85524835,Timothy,1977-10-01,M,B-,0,2012-09-10
EMP0012,DIST0022,UNIT0134,RNK06,DSG03,KGID55632005,Tanveer,1986-09-21,F,O-,0,2019-07-31
EMP0013,DIST0020,UNIT0124,RNK04,DSG04,KGID30229071,Lucky,1990-11-07,M,O+,0,2007-03-20
EMP0014,DIST0010,UNIT0063,RNK07,DSG01,KGID76765787,Yagnesh,1996-10-19,M,O-,0,2007-11-24
EMP0015,DIST0020,UNIT0119,RNK05,DSG04,KGID95933537,Oscar,1985-08-27,M,O+,0,2018-06-10
EMP0016,DIST0008,UNIT0047,RNK04,DSG02,KGID51416501,Noah,1975-04-12,M,O+,0,2018-02-26
EMP0017,DIST0025,UNIT0153,RNK06,DSG03,KGID85930210,Ansh,2002-05-21,M,B+,0,2012-11-25
EMP0018,DIST0004,UNIT0022,RNK02,DSG04,KGID88191111,Qadim,1991-03-26,M,B-,0,2017-08-18
EMP0019,DIST0020,UNIT0122,RNK06,DSG04,KGID71082738,Tejas,2002-02-22,M,O+,0,2019-01-08
EMP0020,DIST0009,UNIT0057,RNK04,DSG02,KGID84532829,Praneel,1987-10-21,M,AB+,0,2016-05-16
EMP0021,DIST0023,UNIT0142,RNK05,DSG03,KGID75128489,Nachiket,2003-01-26,M,O+,0,2017-08-22
EMP0022,DIST0015,UNIT0091,RNK06,DSG04,KGID63237914,Advik,1970-02-12,M,A+,0,2023-06-01
EMP0023,DIST0030,UNIT0185,RNK02,DSG03,KGID52071104,Watika,1982-02-22,M,O-,0,2002-06-20
EMP0024,DIST0029,UNIT0177,RNK02,DSG02,KGID98516331,Sarthak,1987-08-25,M,B-,0,2021-11-23
EMP0025,DIST0025,UNIT0151,RNK07,DSG03,KGID23184152,Tanish,1971-12-23,F,O+,0,2007-04-02
EMP0026,DIST0009,UNIT0059,RNK03,DSG02,KGID99066956,Gaurav,1981-10-22,M,B+,0,2024-06-29
EMP0027,DIST0011,UNIT0071,RNK01,DSG01,KGID79047145,Kevin,1981-12-09,M,B+,0,2014-12-01
EMP0028,DIST0027,UNIT0164,RNK07,DSG04,KGID73637488,Tanvi,1986-06-02,M,O+,0,2005-11-15
EMP0029,DIST0020,UNIT0121,RNK04,DSG04,KGID10640974,Luke,1988-05-06,F,O+,0,2011-01-20
EMP0030,DIST0020,UNIT0123,RNK01,DSG01,KGID95894378,Wazir,2000-04-13,M,B-,0,2013-07-13
EMP0031,DIST0029,UNIT0176,RNK01,DSG02,KGID21011367,Sudiksha,1969-06-13,M,O+,0,2015-11-13
EMP0032,DIST0004,UNIT0022,RNK02,DSG01,KGID47454712,Finn,1976-12-07,M,A-,0,2013-07-12
EMP0033,DIST0026,UNIT0159,RNK02,DSG04,KGID47385623,Guneet,1993-11-09,M,O-,0,2003-05-08
EMP0034,DIST0025,UNIT0151,RNK04,DSG03,KGID53226119,Darsh,1969-01-06,M,B-,0,2020-06-28
EMP0035,DIST0005,UNIT0026,RNK07,DSG02,KGID25961930,Jatin,1993-01-06,M,A+,0,2001-07-12
EMP0036,DIST0007,UNIT0041,RNK02,DSG02,KGID15003943,Sarthak,1988-01-28,M,AB+,0,2017-06-25
EMP0037,DIST0019,UNIT0116,RNK06,DSG04,KGID54371245,Hardik,1972-11-06,M,B-,0,2009-11-08
EMP0038,DIST0012,UNIT0073,RNK06,DSG04,KGID56664483,Aadhya,1983-09-17,M,O+,0,2002-05-01
EMP0039,DIST0026,UNIT0161,RNK05,DSG02,KGID24523710,Henry,1999-03-02,M,B-,0,2015-11-13
EMP0040,DIST0006,UNIT0039,RNK03,DSG02,KGID59053251,Siya,1981-05-06,M,O+,0,2006-04-15
EMP0041,DIST0025,UNIT0153,RNK06,DSG03,KGID29682380,Jack,1972-01-19,M,O+,0,2021-07-05
EMP0042,DIST0029,UNIT0180,RNK04,DSG03,KGID96865256,Harsh,2001-06-28,M,A+,0,2018-11-23
EMP0043,DIST0025,UNIT0154,RNK01,DSG04,KGID99567205,Imaran,1995-04-28,M,A+,0,2004-03-30
EMP0044,DIST0004,UNIT0024,RNK02,DSG01,KGID24763796,Balveer,2001-05-25,M,O+,0,2010-09-21
EMP0045,DIST0024,UNIT0148,RNK01,DSG02,KGID86639114,Fariq,2001-11-29,M,O+,0,2010-08-09
EMP0046,DIST0008,UNIT0047,RNK05,DSG04,KGID94232772,Ekavir,2002-12-06,M,A+,0,2005-01-06
EMP0047,DIST0020,UNIT0121,RNK03,DSG04,KGID47914615,Ekalinga,1992-09-28,M,O-,0,2022-10-11
EMP0048,DIST0007,UNIT0042,RNK03,DSG04,KGID94745367,Onkar,1984-08-04,M,AB+,0,2021-10-06
EMP0049,DIST0023,UNIT0141,RNK01,DSG04,KGID65421983,Neelima,1990-06-09,M,A+,0,2020-09-03
EMP0050,DIST0017,UNIT0104,RNK07,DSG01,KGID82210265,Wyatt,1984-03-17,M,AB+,0,2007-08-03
EMP0051,DIST0003,UNIT0014,RNK02,DSG03,KGID13085738,Arin,1969-08-21,M,AB+,0,2020-07-20
EMP0052,DIST0003,UNIT0014,RNK02,DSG03,KGID73612714,Gaurang,1982-06-06,F,AB+,0,2005-09-19
EMP0053,DIST0029,UNIT0179,RNK04,DSG01,KGID62568651,Yutika,1994-04-17,M,O-,0,2019-04-23
EMP0054,DIST0010,UNIT0062,RNK06,DSG02,KGID82847674,Christopher,1989-09-06,M,AB+,0,2003-04-04
EMP0055,DIST0004,UNIT0024,RNK02,DSG01,KGID49740096,Sai,1985-06-07,M,O-,0,2022-07-02
EMP0056,DIST0006,UNIT0040,RNK04,DSG03,KGID94482648,Ranveer,1978-07-17,M,O-,0,2024-12-18
EMP0057,DIST0020,UNIT0124,RNK04,DSG02,KGID30196560,Parth,1995-07-03,M,B+,0,2006-04-15
EMP0058,DIST0025,UNIT0154,RNK05,DSG02,KGID50560032,Maanas,1981-05-07,M,O-,0,2022-11-13
EMP0059,DIST0018,UNIT0107,RNK03,DSG03,KGID19286505,Rudra,1979-09-08,M,O+,0,2016-07-30
EMP0060,DIST0025,UNIT0151,RNK05,DSG04,KGID87926695,Raghav,1992-08-31,M,AB+,0,2014-02-11
EMP0061,DIST0015,UNIT0089,RNK03,DSG04,KGID23750925,Rayaan,1978-08-26,M,B+,0,2005-12-31
EMP0062,DIST0029,UNIT0179,RNK02,DSG04,KGID25418306,Ansh,1971-06-04,M,A+,0,2012-06-06
EMP0063,DIST0013,UNIT0082,RNK06,DSG04,KGID18032241,Upkaar,1983-09-13,F,AB+,0,2009-10-29
EMP0064,DIST0028,UNIT0170,RNK07,DSG02,KGID64037009,Tanay,1974-11-09,M,A-,0,2003-08-01
EMP0065,DIST0025,UNIT0152,RNK03,DSG01,KGID73263053,Samesh,1987-07-22,M,A-,0,2015-07-10
EMP0066,DIST0019,UNIT0117,RNK01,DSG02,KGID24006715,Chanakya,1990-06-17,M,B+,0,2004-04-21
EMP0067,DIST0004,UNIT0020,RNK04,DSG03,KGID78204250,Ekapad,1992-10-11,M,B-,0,2004-03-24
EMP0068,DIST0004,UNIT0021,RNK07,DSG03,KGID85430277,Reyansh,1991-03-15,F,AB+,0,2022-08-14
EMP0069,DIST0013,UNIT0082,RNK06,DSG04,KGID76734743,Jonathan,1980-03-24,M,A+,0,2025-01-05
EMP0070,DIST0010,UNIT0061,RNK06,DSG03,KGID19311240,Gopal,1996-01-08,M,AB+,0,2009-06-05
EMP0071,DIST0005,UNIT0026,RNK07,DSG01,KGID77995084,Balendra,1989-02-03,M,A+,0,2024-06-10
EMP0072,DIST0002,UNIT0012,RNK03,DSG01,KGID93008675,Jagdish,1998-11-10,M,B+,0,2016-05-23
EMP0073,DIST0010,UNIT0063,RNK05,DSG04,KGID68650001,Raghav,1987-02-09,F,B+,0,2021-12-13
EMP0074,DIST0007,UNIT0045,RNK01,DSG04,KGID73943596,Veer,1973-01-18,M,A-,0,2008-08-02
EMP0075,DIST0006,UNIT0037,RNK02,DSG04,KGID54241989,Nathaniel,1991-06-20,M,B-,0,2019-11-14
EMP0076,DIST0001,UNIT0003,RNK07,DSG04,KGID44183830,Kabir,1979-12-03,M,B+,0,2020-08-24
EMP0077,DIST0003,UNIT0019,RNK04,DSG03,KGID59321295,Fitan,1995-06-16,M,AB+,0,2006-07-11
EMP0078,DIST0029,UNIT0177,RNK03,DSG04,KGID95628693,Caleb,1968-07-15,M,AB+,0,2016-01-26
EMP0079,DIST0020,UNIT0124,RNK01,DSG02,KGID72138364,Ayaan,1975-03-30,M,O+,0,2004-04-23
EMP0080,DIST0029,UNIT0180,RNK03,DSG01,KGID12593909,Anirudh,1977-04-30,M,O+,0,2023-03-14
EMP0081,DIST0001,UNIT0003,RNK05,DSG01,KGID22060440,Robert,2001-11-12,M,O-,0,2013-03-08
EMP0082,DIST0012,UNIT0074,RNK07,DSG02,KGID92688441,Alexander,1988-07-05,M,B-,0,2004-06-01
EMP0083,DIST0008,UNIT0049,RNK05,DSG03,KGID41138594,Andrew,1974-12-29,M,B-,0,2013-02-26
EMP0084,DIST0029,UNIT0175,RNK07,DSG02,KGID62365744,Udarsh,1996-02-07,F,B-,0,2022-02-06
EMP0085,DIST0002,UNIT0011,RNK03,DSG04,KGID21308022,Saumya,1976-02-12,M,B+,0,2014-12-09
EMP0086,DIST0004,UNIT0024,RNK03,DSG03,KGID57662811,Rishi,1991-05-26,M,B+,0,2019-08-09
EMP0087,DIST0023,UNIT0139,RNK03,DSG03,KGID17002683,Kalpit,1982-05-22,M,O-,0,2004-03-03
EMP0088,DIST0020,UNIT0124,RNK07,DSG03,KGID79825443,Nicholas,1988-04-25,M,A+,0,2018-03-07
EMP0089,DIST0020,UNIT0120,RNK01,DSG02,KGID11733361,Frederick,1970-10-26,M,B-,0,2012-05-03
EMP0090,DIST0030,UNIT0186,RNK06,DSG04,KGID49398278,Laban,1995-06-15,F,O+,0,2024-12-23
EMP0091,DIST0004,UNIT0024,RNK07,DSG04,KGID17991944,Chasmum,1980-02-09,M,AB+,0,2022-05-30
EMP0092,DIST0016,UNIT0095,RNK06,DSG03,KGID80508808,Ishwar,1972-09-10,F,O+,0,2003-06-11
EMP0093,DIST0005,UNIT0028,RNK06,DSG02,KGID48957389,Anirudh,1997-08-25,M,A-,0,2016-06-02
EMP0094,DIST0013,UNIT0084,RNK05,DSG02,KGID12237354,Devansh,1997-08-16,M,AB+,0,2016-09-03
EMP0095,DIST0029,UNIT0180,RNK03,DSG04,KGID77169000,Lipika,1995-02-18,M,A+,0,2011-08-28
EMP0096,DIST0012,UNIT0078,RNK04,DSG01,KGID92409348,Unnati,1981-06-30,F,B+,0,2005-08-13
EMP0097,DIST0017,UNIT0100,RNK04,DSG03,KGID31589895,Jason,1996-06-12,M,A-,0,2021-08-25
EMP0098,DIST0018,UNIT0108,RNK05,DSG02,KGID36256648,Wazir,1998-08-31,M,O-,0,2009-08-22
EMP0099,DIST0021,UNIT0126,RNK05,DSG04,KGID83986786,Wriddhish,1994-05-20,M,B-,0,2014-06-07
EMP0100,DIST0016,UNIT0095,RNK02,DSG04,KGID29160770,Luke,1983-10-12,M,O+,0,2013-11-28
EMP0101,DIST0005,UNIT0026,RNK06,DSG03,KGID63533148,Baljiwan,1980-05-05,F,O+,0,2025-04-20
EMP0102,DIST0003,UNIT0016,RNK04,DSG03,KGID78776308,Anita,1976-05-04,M,O-,0,2012-01-15
EMP0103,DIST0019,UNIT0117,RNK01,DSG02,KGID34279683,Quincy,2001-03-23,M,A+,0,2001-10-11
EMP0104,DIST0003,UNIT0013,RNK07,DSG03,KGID41689695,Aarush,1999-03-31,M,A-,0,2024-01-25
EMP0105,DIST0008,UNIT0053,RNK01,DSG02,KGID27877439,Thomas,1997-09-02,F,B+,0,2013-07-07
EMP0106,DIST0014,UNIT0085,RNK07,DSG02,KGID14397907,Viraj,1998-05-17,M,O+,0,2014-10-26
EMP0107,DIST0006,UNIT0038,RNK02,DSG03,KGID94082536,Tanveer,1986-06-24,M,O-,0,2002-10-12
EMP0108,DIST0002,UNIT0007,RNK02,DSG01,KGID48544757,Advaith,1998-08-06,F,A-,0,2004-06-07
EMP0109,DIST0013,UNIT0083,RNK01,DSG02,KGID28718066,Krish,1985-10-05,M,AB+,0,2007-11-26
EMP0110,DIST0022,UNIT0135,RNK01,DSG01,KGID64385413,Anthony,1982-02-16,M,A-,0,2019-06-12
EMP0111,DIST0025,UNIT0152,RNK01,DSG04,KGID45986196,Brijesh,1976-03-06,F,A+,0,2024-08-11
EMP0112,DIST0031,UNIT0187,RNK07,DSG03,KGID78812386,Rishi,1991-04-04,F,A+,0,2014-06-16
EMP0113,DIST0020,UNIT0123,RNK07,DSG04,KGID41789053,Robert,1980-07-08,M,B-,0,2015-03-15
EMP0114,DIST0019,UNIT0114,RNK01,DSG01,KGID38011436,Nachiket,1970-02-19,M,B+,0,2022-07-13
EMP0115,DIST0011,UNIT0071,RNK05,DSG03,KGID74358922,Kabir,1988-03-20,M,O+,0,2012-12-23
EMP0116,DIST0019,UNIT0117,RNK05,DSG04,KGID88077909,Anita,1992-11-04,M,O-,0,2017-08-12
EMP0117,DIST0028,UNIT0168,RNK06,DSG02,KGID23905093,Falan,2002-06-28,F,AB+,0,2020-05-31
EMP0118,DIST0014,UNIT0087,RNK07,DSG04,KGID90405900,Faras,1971-02-03,M,O+,0,2017-09-30
EMP0119,DIST0018,UNIT0110,RNK03,DSG03,KGID36401455,Aadi,2003-01-18,M,AB+,0,2017-12-28
EMP0120,DIST0003,UNIT0018,RNK01,DSG01,KGID21361869,Anusha,1975-06-15,M,B-,0,2022-08-11
EMP0121,DIST0016,UNIT0096,RNK07,DSG02,KGID75976298,Ranveer,1988-04-22,M,A-,0,2011-06-18
EMP0122,DIST0024,UNIT0144,RNK03,DSG01,KGID33001456,Devansh,1979-12-20,F,O-,0,2019-03-09
EMP0123,DIST0018,UNIT0109,RNK07,DSG01,KGID51059033,Chatresh,1989-08-08,M,O+,0,2015-05-05
EMP0124,DIST0005,UNIT0027,RNK05,DSG02,KGID56860775,Jhalak,1974-07-01,M,O-,0,2014-08-06
EMP0125,DIST0005,UNIT0028,RNK03,DSG03,KGID16249259,Amara,1986-08-14,M,B+,0,2008-08-25
EMP0126,DIST0018,UNIT0110,RNK07,DSG01,KGID42154687,Luke,1991-05-29,M,B-,0,2019-04-26
EMP0127,DIST0011,UNIT0069,RNK01,DSG02,KGID22121190,Wriddhish,1995-06-23,M,O+,0,2016-01-13
EMP0128,DIST0015,UNIT0090,RNK01,DSG02,KGID14814098,Girindra,1980-07-13,M,AB+,0,2007-08-02
EMP0129,DIST0003,UNIT0018,RNK02,DSG01,KGID19253493,Zilmil,1985-04-24,M,AB+,0,2010-09-23
EMP0130,DIST0018,UNIT0108,RNK04,DSG03,KGID30371639,Zansi,1970-01-21,M,O+,0,2008-07-11
EMP0131,DIST0024,UNIT0146,RNK05,DSG01,KGID72581294,Nihal,1983-09-04,M,O-,0,2023-10-03
EMP0132,DIST0026,UNIT0159,RNK01,DSG01,KGID56457603,Frederick,1985-04-05,M,AB+,0,2025-01-21
EMP0133,DIST0025,UNIT0156,RNK04,DSG04,KGID84551889,Mitesh,1970-04-22,M,A+,0,2023-03-31
EMP0134,DIST0015,UNIT0089,RNK04,DSG01,KGID59462796,Ayushman,1994-12-09,M,AB+,0,2020-12-08
EMP0135,DIST0022,UNIT0135,RNK06,DSG03,KGID92945718,Nidhi,1998-04-22,M,A-,0,2016-03-25
EMP0136,DIST0003,UNIT0015,RNK01,DSG02,KGID70409143,Aadi,1994-01-10,M,B+,0,2011-04-25
EMP0137,DIST0010,UNIT0066,RNK03,DSG03,KGID56933658,Sudiksha,1997-06-16,M,AB+,0,2024-02-18
EMP0138,DIST0007,UNIT0045,RNK02,DSG04,KGID56197946,Anthony,1989-06-29,M,A-,0,2024-08-16
EMP0139,DIST0028,UNIT0172,RNK07,DSG03,KGID76448271,Indali,1976-03-23,F,A+,0,2008-08-23
EMP0140,DIST0018,UNIT0112,RNK01,DSG04,KGID85204069,Rudra,1982-07-01,F,A-,0,2006-07-17
EMP0141,DIST0018,UNIT0110,RNK05,DSG04,KGID91808336,Banjeet,1997-11-14,M,A+,0,2023-05-09
EMP0142,DIST0017,UNIT0104,RNK01,DSG03,KGID47312682,Gayathri,1992-01-04,F,AB+,0,2004-11-13
EMP0143,DIST0029,UNIT0177,RNK03,DSG01,KGID45509175,Jacob,1992-10-25,M,AB+,0,2024-12-16
EMP0144,DIST0025,UNIT0151,RNK04,DSG01,KGID26690605,Aditya,1990-02-18,M,O+,0,2006-05-09
EMP0145,DIST0009,UNIT0057,RNK03,DSG02,KGID96653403,Hiral,1974-06-24,M,A-,0,2017-03-20
EMP0146,DIST0021,UNIT0131,RNK02,DSG03,KGID17614054,Mohammed,1970-03-03,F,B-,0,2006-09-05
EMP0147,DIST0006,UNIT0038,RNK02,DSG01,KGID99821853,Krishna,1971-04-02,M,A-,0,2013-08-25
EMP0148,DIST0006,UNIT0040,RNK07,DSG01,KGID23203676,Anika,1992-04-15,M,AB+,0,2016-08-19
EMP0149,DIST0020,UNIT0119,RNK07,DSG04,KGID37184325,Jeremiah,1992-10-16,F,B-,0,2009-09-28
EMP0150,DIST0027,UNIT0163,RNK05,DSG03,KGID79955812,Rachit,1991-09-29,M,B+,0,2004-01-14
EMP0151,DIST0019,UNIT0113,RNK01,DSG04,KGID57915245,Balendra,1985-01-04,M,O+,0,2006-02-19
EMP0152,DIST0025,UNIT0152,RNK01,DSG03,KGID74221055,Dalbir,1986-10-31,M,AB+,0,2001-10-15
EMP0153,DIST0002,UNIT0010,RNK01,DSG03,KGID80531375,Fitan,1973-10-21,M,O-,0,2021-05-30
EMP0154,DIST0004,UNIT0024,RNK05,DSG04,KGID87212132,Krishna,1995-02-08,M,O-,0,2019-10-11
EMP0155,DIST0031,UNIT0190,RNK01,DSG04,KGID91854685,Manbir,1989-05-31,M,B+,0,2003-05-10
EMP0156,DIST0013,UNIT0083,RNK05,DSG04,KGID76645999,Balendra,1974-10-19,F,AB+,0,2019-06-24
EMP0157,DIST0005,UNIT0027,RNK07,DSG03,KGID42000996,Chandran,1994-08-20,M,B-,0,2021-10-27
EMP0158,DIST0007,UNIT0045,RNK01,DSG02,KGID80918230,Gaurav,1992-11-25,T,A-,0,2003-11-01
EMP0159,DIST0022,UNIT0134,RNK05,DSG02,KGID90085179,Vihaan,1976-06-26,F,AB+,0,2002-07-20
EMP0160,DIST0018,UNIT0105,RNK07,DSG03,KGID80069446,Shivansh,1997-05-04,M,B-,0,2023-01-07
EMP0161,DIST0027,UNIT0166,RNK03,DSG01,KGID89826988,Devansh,1976-12-30,M,AB+,0,2020-01-06
EMP0162,DIST0012,UNIT0073,RNK03,DSG02,KGID55769010,Samar,1980-03-02,M,B+,0,2011-03-17
EMP0163,DIST0015,UNIT0090,RNK03,DSG04,KGID81044841,Manya,1971-12-11,M,A+,0,2022-08-09
EMP0164,DIST0013,UNIT0080,RNK05,DSG04,KGID13444155,Neel,1995-05-15,M,B+,0,2022-04-02
EMP0165,DIST0028,UNIT0172,RNK06,DSG01,KGID83091705,Jackson,1979-01-24,M,O+,0,2002-04-25
EMP0166,DIST0002,UNIT0005,RNK03,DSG03,KGID32006199,Amara,1997-04-20,M,O-,0,2002-09-27
EMP0167,DIST0020,UNIT0125,RNK02,DSG02,KGID58836340,Samar,1978-08-14,M,O+,0,2004-05-28
EMP0168,DIST0005,UNIT0026,RNK05,DSG01,KGID33138816,Teerth,1967-10-31,F,A-,0,2009-08-09
EMP0169,DIST0006,UNIT0034,RNK05,DSG04,KGID11170794,Urvi,1989-08-27,M,B-,0,2017-09-22
EMP0170,DIST0026,UNIT0160,RNK07,DSG02,KGID72823194,Tanveer,1986-04-30,M,O+,0,2018-05-30
EMP0171,DIST0029,UNIT0174,RNK06,DSG02,KGID31248165,Hemang,1980-08-20,M,O-,0,2013-02-18
EMP0172,DIST0019,UNIT0115,RNK02,DSG02,KGID87043588,Nathan,1990-01-23,F,AB+,0,2009-06-11
EMP0173,DIST0008,UNIT0050,RNK03,DSG04,KGID34555977,Qabil,1988-10-30,M,AB+,0,2002-08-03
EMP0174,DIST0021,UNIT0129,RNK05,DSG04,KGID65023477,Nakul,1969-03-02,F,O-,0,2023-07-26
EMP0175,DIST0025,UNIT0155,RNK02,DSG03,KGID98604005,Ekani,1971-11-07,M,O+,0,2022-12-09
EMP0176,DIST0023,UNIT0142,RNK01,DSG01,KGID15903142,Rohan,1988-06-04,M,O+,0,2014-09-04
EMP0177,DIST0019,UNIT0116,RNK05,DSG02,KGID99329740,Yug,1991-07-23,M,B+,0,2018-11-24
EMP0178,DIST0019,UNIT0116,RNK03,DSG01,KGID25750960,Banjeet,1997-01-17,M,O+,0,2018-12-30
EMP0179,DIST0010,UNIT0061,RNK04,DSG01,KGID11068147,Ekbal,2003-07-02,M,A+,0,2023-09-05
EMP0180,DIST0030,UNIT0183,RNK06,DSG03,KGID25605080,Anthony,1978-10-06,M,O+,0,2024-09-07
EMP0181,DIST0020,UNIT0121,RNK06,DSG02,KGID64525369,Aditya,1992-04-18,M,A-,0,2009-10-13
EMP0182,DIST0001,UNIT0002,RNK01,DSG01,KGID32348837,Zaid,1988-07-03,F,A-,0,2011-03-17
EMP0183,DIST0031,UNIT0187,RNK05,DSG04,KGID60508763,Omaja,1972-12-18,M,O+,0,2010-07-09
EMP0184,DIST0005,UNIT0032,RNK01,DSG02,KGID31131487,Qabil,1977-06-01,F,AB+,0,2020-07-01
EMP0185,DIST0003,UNIT0017,RNK01,DSG04,KGID62705752,Matthew,1981-06-11,M,A-,0,2019-06-26
EMP0186,DIST0024,UNIT0148,RNK02,DSG02,KGID81951299,Tejas,1975-07-06,M,O+,0,2023-01-13
EMP0187,DIST0010,UNIT0062,RNK05,DSG04,KGID66736326,Pahal,1990-10-06,M,A-,0,2007-06-17
EMP0188,DIST0016,UNIT0093,RNK01,DSG01,KGID36486953,Logan,1997-09-18,M,B-,0,2025-05-29
EMP0189,DIST0017,UNIT0100,RNK03,DSG03,KGID33730675,Shivansh,2003-05-07,M,A+,0,2004-10-30
EMP0190,DIST0015,UNIT0089,RNK02,DSG01,KGID38457486,Udarsh,1976-09-30,M,O+,0,2017-10-28
EMP0191,DIST0006,UNIT0035,RNK01,DSG03,KGID81437788,Abeer,1983-08-13,F,B+,0,2024-01-24
EMP0192,DIST0029,UNIT0176,RNK04,DSG04,KGID13696897,Tejas,1989-01-29,F,A+,0,2002-03-14
EMP0193,DIST0030,UNIT0184,RNK07,DSG04,KGID74675383,Varsha,1972-08-29,M,O-,0,2013-12-20
EMP0194,DIST0008,UNIT0052,RNK01,DSG03,KGID14783441,Zashil,1998-11-07,M,O-,0,2002-11-03
EMP0195,DIST0023,UNIT0140,RNK04,DSG03,KGID99380085,Reva,1974-10-23,M,O+,0,2004-07-30
EMP0196,DIST0015,UNIT0092,RNK07,DSG01,KGID38873790,Gopal,1994-02-23,M,A+,0,2014-11-28
EMP0197,DIST0016,UNIT0095,RNK04,DSG04,KGID92542958,Timothy,1998-06-26,F,AB+,0,2003-03-12
EMP0198,DIST0014,UNIT0087,RNK02,DSG04,KGID15199826,Ranveer,1983-10-30,M,O-,0,2013-11-17
EMP0199,DIST0022,UNIT0133,RNK03,DSG01,KGID67364767,Isaac,1980-12-16,M,A-,0,2022-02-13
EMP0200,DIST0008,UNIT0047,RNK05,DSG03,KGID45241786,Aarnav,1999-10-24,M,B-,0,2011-12-13
EMP0201,DIST0012,UNIT0076,RNK03,DSG04,KGID38370534,Kalpit,1972-04-30,M,B-,0,2007-08-24
EMP0202,DIST0019,UNIT0114,RNK03,DSG04,KGID89886199,Omaja,1987-05-16,F,O+,0,2004-02-15
EMP0203,DIST0026,UNIT0158,RNK04,DSG03,KGID29566779,Aditya,1997-12-28,F,A+,0,2014-02-12
EMP0204,DIST0004,UNIT0020,RNK06,DSG04,KGID52364153,Falan,1968-04-19,F,B-,0,2024-08-26
EMP0205,DIST0007,UNIT0041,RNK01,DSG02,KGID68404217,Ekbal,1968-11-30,M,AB+,0,2009-05-18
EMP0206,DIST0002,UNIT0009,RNK02,DSG01,KGID82136458,Samaksh,1979-04-03,M,O+,0,2012-02-05
EMP0207,DIST0017,UNIT0099,RNK05,DSG01,KGID41284321,Quincy,1986-04-20,M,O+,0,2015-02-01
EMP0208,DIST0016,UNIT0096,RNK04,DSG01,KGID45913636,Rushil,1993-04-07,M,AB+,0,2014-08-04
EMP0209,DIST0013,UNIT0081,RNK06,DSG03,KGID43852510,Nitesh,1972-10-30,M,B-,0,2006-04-24
EMP0210,DIST0008,UNIT0048,RNK04,DSG04,KGID76228128,Wazir,1968-11-17,M,O-,0,2021-11-13
EMP0211,DIST0010,UNIT0067,RNK06,DSG04,KGID39649489,Frado,1992-08-11,M,B-,0,2020-01-25
EMP0212,DIST0021,UNIT0126,RNK02,DSG01,KGID23473249,Anjali,1991-01-04,M,B+,0,2025-04-04
EMP0213,DIST0030,UNIT0183,RNK04,DSG01,KGID29683727,Devansh,2002-03-13,F,O+,0,2005-09-29
EMP0214,DIST0028,UNIT0171,RNK03,DSG01,KGID49675300,Hemang,1985-08-14,M,O+,0,2016-10-02
EMP0215,DIST0007,UNIT0041,RNK06,DSG02,KGID50547657,Nakul,1970-01-13,M,A+,0,2014-11-21
EMP0216,DIST0008,UNIT0052,RNK07,DSG02,KGID61493940,Laksh,1977-05-15,M,O+,0,2007-05-05
EMP0217,DIST0023,UNIT0142,RNK05,DSG03,KGID13803616,Orinder,1974-10-23,F,B+,0,2011-06-30
EMP0218,DIST0026,UNIT0157,RNK01,DSG01,KGID12845595,Yatin,1985-02-07,T,B-,0,2012-03-13
EMP0219,DIST0020,UNIT0123,RNK05,DSG04,KGID35924220,Zashil,1988-07-28,F,A+,0,2019-05-25
EMP0220,DIST0006,UNIT0033,RNK03,DSG01,KGID12686261,Zayyan,1981-11-11,M,O+,0,2010-11-08
EMP0221,DIST0006,UNIT0033,RNK07,DSG02,KGID85277517,Chakradhar,1972-11-13,M,A-,0,2019-02-12
EMP0222,DIST0003,UNIT0015,RNK07,DSG01,KGID44464808,Yug,1997-08-27,M,B+,0,2003-01-16
EMP0223,DIST0013,UNIT0083,RNK06,DSG02,KGID64373765,Naksh,1990-11-11,F,O+,0,2016-12-30
EMP0224,DIST0004,UNIT0021,RNK03,DSG02,KGID78171637,Tanay,1995-01-24,M,B+,0,2016-02-20
EMP0225,DIST0026,UNIT0161,RNK03,DSG01,KGID84901333,Balveer,1997-06-15,M,A-,0,2006-01-26
EMP0226,DIST0006,UNIT0040,RNK02,DSG03,KGID84317846,Sathvik,1969-01-13,M,O-,0,2015-07-08
EMP0227,DIST0002,UNIT0008,RNK01,DSG01,KGID78041589,Naveen,1979-10-12,M,O+,0,2019-01-16
EMP0228,DIST0028,UNIT0167,RNK02,DSG04,KGID89841783,Girindra,1998-04-24,M,B-,0,2015-10-26
EMP0229,DIST0023,UNIT0140,RNK03,DSG03,KGID59704104,Chatresh,1999-04-14,F,B-,0,2001-12-04
EMP0230,DIST0017,UNIT0104,RNK03,DSG04,KGID78151313,Siya,2003-06-14,M,AB+,0,2018-12-12
EMP0231,DIST0018,UNIT0107,RNK04,DSG04,KGID24375894,Pratyush,1977-12-30,M,O+,0,2007-03-11
EMP0232,DIST0030,UNIT0184,RNK03,DSG03,KGID74460371,Gagan,1998-06-01,M,O+,0,2009-01-19
EMP0233,DIST0021,UNIT0132,RNK05,DSG01,KGID96663342,Yatan,1984-10-11,M,O+,0,2025-07-04
EMP0234,DIST0019,UNIT0116,RNK02,DSG02,KGID49510631,Mugdha,1996-07-26,M,AB+,0,2012-02-08
EMP0235,DIST0026,UNIT0158,RNK04,DSG02,KGID72576707,Rushil,1996-11-08,F,O-,0,2007-05-10
EMP0236,DIST0013,UNIT0084,RNK05,DSG03,KGID39548085,Meera,1970-06-06,M,A-,0,2012-08-20
EMP0237,DIST0020,UNIT0120,RNK04,DSG03,KGID76418076,Isaac,1970-10-05,M,AB+,0,2008-06-28
EMP0238,DIST0021,UNIT0130,RNK04,DSG02,KGID76693446,Teerth,1981-11-06,M,A+,0,2008-11-20
EMP0239,DIST0012,UNIT0073,RNK04,DSG04,KGID67224079,Alexander,1981-07-11,M,A+,0,2022-12-18
EMP0240,DIST0018,UNIT0111,RNK02,DSG03,KGID91045104,Saksham,1981-08-15,M,O+,0,2007-01-04
EMP0241,DIST0002,UNIT0012,RNK04,DSG01,KGID59500456,Gunbir,1971-04-25,M,A-,0,2012-01-14
EMP0242,DIST0012,UNIT0074,RNK01,DSG04,KGID68894799,Daniel,1970-02-10,M,O+,0,2024-01-29
EMP0243,DIST0026,UNIT0160,RNK06,DSG01,KGID93109999,Ekanta,1993-02-15,M,O+,0,2014-07-13
EMP0244,DIST0014,UNIT0087,RNK05,DSG03,KGID57463918,Yagnesh,1974-10-14,M,A-,0,2016-09-09
EMP0245,DIST0017,UNIT0103,RNK05,DSG01,KGID89125363,Janaki,1984-02-06,M,O+,0,2002-04-20
EMP0246,DIST0020,UNIT0122,RNK05,DSG04,KGID48794262,Yashodhara,2000-01-26,F,B+,0,2010-05-23
EMP0247,DIST0013,UNIT0084,RNK05,DSG03,KGID99227469,Unnati,2003-06-11,T,B-,0,2018-01-28
EMP0248,DIST0012,UNIT0077,RNK05,DSG03,KGID70731410,Gopal,1984-07-22,M,AB+,0,2010-12-20
EMP0249,DIST0030,UNIT0182,RNK05,DSG03,KGID60790561,Gagan,1995-06-21,M,O+,0,2021-01-09
EMP0250,DIST0028,UNIT0173,RNK01,DSG04,KGID65506359,Darpan,1973-03-21,F,B-,0,2022-08-15
EMP0251,DIST0029,UNIT0177,RNK06,DSG01,KGID27035592,Manbir,1998-12-21,M,B-,0,2015-04-24
EMP0252,DIST0024,UNIT0149,RNK05,DSG02,KGID98628571,Anirudh,1983-01-20,M,B+,0,2018-03-06
EMP0253,DIST0022,UNIT0135,RNK06,DSG04,KGID63994065,Deepa,1998-05-03,M,A+,0,2006-06-06
EMP0254,DIST0024,UNIT0147,RNK06,DSG01,KGID43285257,Niharika,1996-05-10,M,AB+,0,2010-04-14
EMP0255,DIST0006,UNIT0039,RNK04,DSG02,KGID51510477,Isaiah,1975-11-22,M,AB+,0,2006-02-14
EMP0256,DIST0031,UNIT0189,RNK06,DSG01,KGID80503911,Arjun,1980-11-13,M,A-,0,2013-12-06
EMP0257,DIST0013,UNIT0084,RNK06,DSG04,KGID53371920,Chakradev,1971-01-29,M,B+,0,2005-12-27
EMP0258,DIST0020,UNIT0118,RNK05,DSG03,KGID61871598,Dev,1968-11-27,M,O-,0,2017-11-18
EMP0259,DIST0030,UNIT0185,RNK06,DSG03,KGID62283939,Gautam,1976-12-13,M,B+,0,2024-02-09
EMP0260,DIST0012,UNIT0072,RNK05,DSG03,KGID63836768,Hitesh,1999-01-19,F,O+,0,2020-04-13
